-- ========================================
-- 基础数据
-- ========================================

-- 管理员
INSERT INTO admins (admin_id, admin_name, admin_password) VALUES ('admin', 'Admin', '123456');

-- AQI级别
INSERT INTO aqi (aqi_id, aqi_name, aqi_min, aqi_max, aqi_color, aqi_description) VALUES
(1, 'Good', 0, 50, '#00E400', 'Air quality is satisfactory'),
(2, 'Moderate', 51, 100, '#FFFF00', 'Acceptable air quality'),
(3, 'Unhealthy-SG', 101, 150, '#FF7E00', 'Sensitive groups may experience effects'),
(4, 'Unhealthy', 151, 200, '#FF0000', 'Everyone may experience effects'),
(5, 'Very Unhealthy', 201, 300, '#99004C', 'Health alert'),
(6, 'Hazardous', 301, 500, '#7E0023', 'Health warning');

-- 省份
INSERT INTO grid_province (province_id, province_name) VALUES
('110000', '北京市'),
('120000', '天津市'),
('130000', '河北省'),
('210000', '辽宁省'),
('310000', '上海市'),
('320000', '江苏省'),
('330000', '浙江省'),
('370000', '山东省'),
('440000', '广东省'),
('510000', '四川省');

-- 城市（基础+扩展）
INSERT INTO grid_city (city_id, city_name, province_id) VALUES
('110100', '北京市', '110000'),
('110101', '海淀区', '110000'),
('110102', '朝阳区', '110000'),
('110103', '丰台区', '110000'),
('120100', '天津市', '120000'),
('120101', '滨海新区', '120000'),
('130100', '石家庄市', '130000'),
('130200', '唐山市', '130000'),
('130300', '保定市', '130000'),
('130400', '廊坊市', '130000'),
('210100', '沈阳市', '210000'),
('210200', '大连市', '210000'),
('210300', '鞍山市', '210000'),
('210400', '抚顺市', '210000'),
('310100', '上海市', '310000'),
('310101', '浦东新区', '310000'),
('310102', '徐汇区', '310000'),
('320100', '南京市', '320000'),
('320200', '苏州市', '320000'),
('320300', '无锡市', '320000'),
('330100', '杭州市', '330000'),
('330200', '宁波市', '330000'),
('330300', '温州市', '330000'),
('370100', '济南市', '370000'),
('370200', '青岛市', '370000'),
('370300', '烟台市', '370000'),
('370400', '潍坊市', '370000'),
('370500', '临沂市', '370000'),
('440100', '广州市', '440000'),
('440200', '深圳市', '440000'),
('440300', '东莞市', '440000'),
('440400', '佛山市', '440000'),
('510100', '成都市', '510000'),
('510200', '绵阳市', '510000'),
('510300', '宜宾市', '510000');

-- 网格员
INSERT INTO grid_member (gm_id, gm_name, gm_password, gm_tel, province_id, city_id, gm_state) VALUES
('GM001', '张三', '123456', '13800000001', '370000', '370100', 0),
('GM002', '李四', '123456', '13800000002', '370000', '370200', 0),
('GM003', '王五', '123456', '13800000003', '320000', '320100', 0),
('GM004', '赵六', '123456', '13800000004', '210000', '210100', 0),
('GM005', '钱七', '123456', '13800000005', '330000', '330100', 0),
('GM006', '孙八', '123456', '13800000006', '110000', '110101', 0),
('GM007', '周九', '123456', '13800000007', '110000', '110102', 0),
('GM008', '吴十', '123456', '13800000008', '120000', '120101', 0),
('GM009', '郑十一', '123456', '13800000009', '130000', '130200', 0),
('GM010', '冯十二', '123456', '13800000010', '310000', '310101', 0),
('GM011', '陈十三', '123456', '13800000011', '320000', '320200', 0),
('GM012', '褚十四', '123456', '13800000012', '330000', '330200', 0),
('GM013', '卫十五', '123456', '13800000013', '370000', '370300', 0),
('GM014', '蒋十六', '123456', '13800000014', '440000', '440200', 0),
('GM015', '沈十七', '123456', '13800000015', '510000', '510200', 0);

-- 监督员
INSERT INTO supervisor (tel_id, supervisor_name, supervisor_password, province, city, register_date) VALUES
('13800001111', '测试用户', '123456', '山东省', '济南市', '2026-06-10'),
('13800002222', '李明', '123456', '北京市', '海淀区', '2026-06-15'),
('13800003333', '王芳', '123456', '江苏省', '苏州市', '2026-06-16'),
('13800004444', '赵伟', '123456', '广东省', '深圳市', '2026-06-17'),
('13800005555', '刘洋', '123456', '浙江省', '宁波市', '2026-06-18'),
('13800006666', '张静', '123456', '四川省', '成都市', '2026-06-18'),
('13800007777', '陈浩', '123456', '河北省', '唐山市', '2026-06-19'),
('13800008888', '周敏', '123456', '辽宁省', '沈阳市', '2026-06-20');

-- ========================================
-- 基础反馈记录（af_id: 1-28，供statistics表引用）
-- ========================================
INSERT INTO aqi_feedback (tel_id, province, city, af_address, af_aqi, af_date, af_time, af_content, af_state, gm_id, assign_date, assign_time, admin_id) VALUES
('13800001111', '山东省', '济南市', '历下区泉城路', 2, '2026-06-10', '09:00:00', '交通高峰期尾气排放明显', 2, 'GM001', '2026-06-10', '09:30:00', 'admin'),
('13800002222', '北京市', '海淀区', '中关村大街', 3, '2026-06-10', '10:00:00', '施工扬尘较大', 2, 'GM006', '2026-06-10', '10:30:00', 'admin'),
('13800003333', '江苏省', '南京市', '新街口商圈', 2, '2026-06-10', '11:00:00', '商业区人流量大', 2, 'GM003', '2026-06-10', '11:30:00', 'admin'),
('13800004444', '广东省', '广州市', '天河城广场', 1, '2026-06-11', '08:00:00', '空气清新宜人', 2, 'GM011', '2026-06-11', '08:30:00', 'admin'),
('13800005555', '浙江省', '杭州市', '西湖景区', 1, '2026-06-11', '09:00:00', '景区空气质量优良', 2, 'GM005', '2026-06-11', '09:30:00', 'admin'),
('13800006666', '四川省', '成都市', '春熙路', 3, '2026-06-11', '10:00:00', '市区车流量大', 2, 'GM015', '2026-06-11', '10:30:00', 'admin'),
('13800007777', '河北省', '石家庄市', '中山路', 4, '2026-06-12', '07:00:00', '工业区排放明显', 2, 'GM009', '2026-06-12', '07:30:00', 'admin'),
('13800008888', '辽宁省', '大连市', '星海广场', 2, '2026-06-12', '08:00:00', '海边空气较好', 2, 'GM002', '2026-06-12', '08:30:00', 'admin'),
('13800001111', '山东省', '青岛市', '栈桥', 1, '2026-06-12', '09:00:00', '海风吹散污染物', 2, 'GM002', '2026-06-12', '09:30:00', 'admin'),
('13800002222', '北京市', '朝阳区', '国贸', 3, '2026-06-12', '10:00:00', '早高峰尾气排放', 2, 'GM007', '2026-06-12', '10:30:00', 'admin'),
('13800003333', '江苏省', '苏州市', '工业园区', 2, '2026-06-13', '08:00:00', '工业区有异味', 2, 'GM011', '2026-06-13', '08:30:00', 'admin'),
('13800004444', '广东省', '深圳市', '南山区', 2, '2026-06-13', '09:00:00', '科技园附近空气一般', 2, 'GM014', '2026-06-13', '09:30:00', 'admin'),
('13800005555', '浙江省', '宁波市', '海曙区', 3, '2026-06-13', '10:00:00', '市区扬尘问题', 2, 'GM012', '2026-06-13', '10:30:00', 'admin'),
('13800006666', '四川省', '绵阳市', '涪城区', 2, '2026-06-14', '08:00:00', '主干道车流量大', 2, 'GM015', '2026-06-14', '08:30:00', 'admin'),
('13800007777', '河北省', '唐山市', '路北区', 5, '2026-06-14', '09:00:00', '钢铁厂排放严重', 2, 'GM009', '2026-06-14', '09:30:00', 'admin'),
('13800008888', '辽宁省', '沈阳市', '和平区', 3, '2026-06-14', '10:00:00', '商业区油烟排放', 2, 'GM004', '2026-06-14', '10:30:00', 'admin'),
('13800001111', '山东省', '烟台市', '芝罘区', 1, '2026-06-15', '07:00:00', '海滨城市空气好', 2, 'GM013', '2026-06-15', '07:30:00', 'admin'),
('13800002222', '北京市', '丰台区', '方庄', 3, '2026-06-15', '08:00:00', '交通拥堵尾气重', 2, 'GM006', '2026-06-15', '08:30:00', 'admin'),
('13800003333', '江苏省', '无锡市', '滨湖区', 2, '2026-06-15', '09:00:00', '太湖边空气一般', 2, 'GM011', '2026-06-15', '09:30:00', 'admin'),
('13800004444', '广东省', '东莞市', '虎门镇', 4, '2026-06-16', '08:00:00', '工业区烟尘排放', 2, 'GM014', '2026-06-16', '08:30:00', 'admin'),
('13800005555', '浙江省', '温州市', '鹿城区', 2, '2026-06-16', '09:00:00', '步行街空气一般', 2, 'GM012', '2026-06-16', '09:30:00', 'admin'),
('13800006666', '四川省', '成都市', '武侯区', 3, '2026-06-16', '10:00:00', '软件园附近有异味', 2, 'GM015', '2026-06-16', '10:30:00', 'admin'),
('13800007777', '河北省', '保定市', '竞秀区', 3, '2026-06-17', '08:00:00', '塑料厂废气排放', 2, 'GM008', '2026-06-17', '08:30:00', 'admin'),
('13800008888', '辽宁省', '鞍山市', '铁东区', 3, '2026-06-17', '09:00:00', '焚烧垃圾产生黑烟', 2, 'GM009', '2026-06-17', '09:30:00', 'admin'),
('13800001111', '山东省', '济南市', '历下区', 2, '2026-06-17', '10:00:00', '奥体中心附近施工', 2, 'GM001', '2026-06-17', '10:30:00', 'admin'),
('13800002222', '北京市', '海淀区', '五道口', 4, '2026-06-18', '08:00:00', '晚高峰烧烤摊多', 2, 'GM007', '2026-06-18', '08:30:00', 'admin'),
('13800003333', '江苏省', '苏州市', '吴中区', 2, '2026-06-18', '09:00:00', '太湖新城施工扬尘', 2, 'GM011', '2026-06-18', '09:30:00', 'admin'),
('13800004444', '广东省', '佛山市', '南海区', 5, '2026-06-18', '10:00:00', '陶瓷厂粉尘超标', 2, 'GM014', '2026-06-18', '10:30:00', 'admin');

-- ========================================
-- 新增反馈记录（状态=0 未分配）
-- ========================================
INSERT INTO aqi_feedback (tel_id, province, city, af_address, af_aqi, af_date, af_time, af_content, af_state) VALUES
('13800002222', '北京市', '海淀区', '中关村南大街与北三环交叉口', 2, '2026-06-19', '08:30:00', '早晨有轻微雾霾，能见度下降', 0),
('13800003333', '江苏省', '苏州市', '工业园区金鸡湖大道', 3, '2026-06-20', '10:15:00', '工业区附近有较明显烟尘排放', 0),
('13800004444', '广东省', '深圳市', '南山区科技园南路', 1, '2026-06-20', '07:45:00', '空气质量良好，天空能见度高', 0),
('13800005555', '浙江省', '宁波市', '海曙区天一广场附近', 2, '2026-06-21', '14:20:00', '市区主干道扬尘较多', 0),
('13800006666', '四川省', '成都市', '锦江区春熙路步行街', 4, '2026-06-18', '16:00:00', '下午出现中度雾霾，感觉不适', 0);

-- ========================================
-- 新增反馈记录（状态=1 已分配，未确认）
-- ========================================
INSERT INTO aqi_feedback (tel_id, province, city, af_address, af_aqi, af_date, af_time, af_content, af_state, gm_id, assign_date, assign_time, admin_id) VALUES
('13800007777', '河北省', '唐山市', '路北区建设北路钢铁厂附近', 5, '2026-06-17', '09:00:00', '钢铁厂烟囱排放黑烟，气味刺鼻', 1, 'GM009', '2026-06-17', '10:30:00', 'admin'),
('13800008888', '辽宁省', '沈阳市', '铁西区工业大学东门', 3, '2026-06-18', '11:00:00', '周边施工扬尘严重，口罩都挡不住', 1, 'GM004', '2026-06-18', '12:00:00', 'admin'),
('13800001111', '山东省', '济南市', '历下区经十路奥体中心', 2, '2026-06-19', '15:30:00', '道路施工产生大量扬尘', 1, 'GM001', '2026-06-19', '16:00:00', 'admin'),
('13800002222', '北京市', '朝阳区', '国贸桥下十字路口', 3, '2026-06-20', '08:00:00', '早高峰尾气排放严重', 1, 'GM007', '2026-06-20', '09:00:00', 'admin'),
('13800005555', '浙江省', '杭州市', '西湖区文三路电子信息街', 2, '2026-06-21', '13:00:00', '施工现场未做防尘处理', 1, 'GM005', '2026-06-21', '14:00:00', 'admin');

-- ========================================
-- 新增反馈记录（状态=2 已完成，含确认数据）
-- ========================================
INSERT INTO aqi_feedback (tel_id, province, city, af_address, af_aqi, af_date, af_time, af_content, af_state, gm_id, assign_date, assign_time, admin_id) VALUES
-- 已完成的反馈
('13800002222', '北京市', '海淀区', '学院路北航东南门', 2, '2026-05-25', '09:20:00', '清晨有薄雾，感觉空气质量一般', 2, 'GM006', '2026-05-25', '10:00:00', 'admin'),
('13800003333', '江苏省', '南京市', '玄武区中山陵片区', 1, '2026-05-26', '07:30:00', '风景区空气清新无异味', 2, 'GM003', '2026-05-26', '08:00:00', 'admin'),
('13800004444', '广东省', '广州市', '天河区珠江新城花城汇', 3, '2026-05-28', '14:00:00', '下午能见度下降，疑似臭氧污染', 2, 'GM011', '2026-05-28', '15:00:00', 'admin'),
('13800005555', '浙江省', '温州市', '鹿城区人民路步行街', 1, '2026-05-29', '10:00:00', '整体空气质量良好', 2, 'GM012', '2026-05-29', '11:00:00', 'admin'),
('13800006666', '四川省', '成都市', '武侯区天府软件园', 3, '2026-05-30', '16:30:00', '傍晚有轻度霾，天空呈现灰黄色', 2, 'GM015', '2026-05-30', '17:00:00', 'admin'),
('13800007777', '河北省', '石家庄市', '桥西区火车站北广场', 4, '2026-06-01', '08:45:00', '火车站附近施工导致扬尘，PM10偏高', 2, 'GM001', '2026-06-01', '09:30:00', 'admin'),
('13800008888', '辽宁省', '大连市', '中山区青泥洼桥商业街', 2, '2026-06-02', '12:00:00', '商业区人流量大，略有烟尘感', 2, 'GM002', '2026-06-02', '13:00:00', 'admin'),
('13800001111', '山东省', '青岛市', '崂山区香港东路沿海', 1, '2026-06-03', '06:30:00', '海风吹散污染物，空气质量优', 2, 'GM002', '2026-06-03', '07:30:00', 'admin'),
('13800002222', '北京市', '丰台区', '大红门服装商贸城周边', 3, '2026-06-04', '13:00:00', '商贸城周边物流车辆多，尾气明显', 2, 'GM006', '2026-06-04', '14:00:00', 'admin'),
('13800003333', '江苏省', '无锡市', '滨湖区太湖大道', 2, '2026-06-05', '09:00:00', '太湖大道交通流量大，尾气排放较多', 2, 'GM011', '2026-06-05', '10:00:00', 'admin'),
('13800004444', '广东省', '东莞市', '虎门镇港口大道工业区', 5, '2026-06-06', '15:00:00', '工业区烟雾弥漫，PM2.5严重超标，呼吸困难', 2, 'GM014', '2026-06-06', '16:00:00', 'admin'),
('13800005555', '浙江省', '宁波市', '北仑区梅山保税港区', 2, '2026-06-07', '11:00:00', '港区运输车辆较多，扬尘问题存在', 2, 'GM012', '2026-06-07', '12:00:00', 'admin'),
('13800006666', '四川省', '绵阳市', '涪城区长虹大道中段', 2, '2026-06-08', '10:30:00', '主干道车流量大，有轻微尾气污染', 2, 'GM015', '2026-06-08', '11:30:00', 'admin'),
('13800007777', '河北省', '廊坊市', '广阳经济开发区化工园区', 6, '2026-06-09', '14:30:00', '化工厂发生泄漏，气味刺鼻，居民已报119', 2, 'GM009', '2026-06-09', '15:00:00', 'admin'),
('13800008888', '辽宁省', '鞍山市', '铁东区胜利广场', 3, '2026-06-10', '08:00:00', '广场周边焚烧垃圾，产生大量黑烟', 2, 'GM009', '2026-06-10', '09:00:00', 'admin'),
('13800001111', '山东省', '烟台市', '芝罘区滨海广场', 1, '2026-06-11', '06:00:00', '海滨城市常年风力较大，扩散条件好', 2, 'GM013', '2026-06-11', '07:00:00', 'admin'),
('13800002222', '北京市', '海淀区', '五道口地铁站A出口', 4, '2026-06-12', '17:00:00', '晚高峰+烧烤摊集中，PM2.5传感器爆表', 2, 'GM007', '2026-06-12', '18:00:00', 'admin'),
('13800004444', '广东省', '佛山市', '南海区桂澜路陶瓷厂', 5, '2026-06-13', '10:00:00', '陶瓷厂排放粉尘严重超标，周边居民多次投诉', 2, 'GM014', '2026-06-13', '11:00:00', 'admin'),
('13800005555', '浙江省', '杭州市', '余杭区未来科技城', 2, '2026-06-14', '09:30:00', '工地未覆盖防尘网，大风天扬尘明显', 2, 'GM005', '2026-06-14', '10:30:00', 'admin'),
('13800007777', '河北省', '保定市', '竞秀区东风西路塑料厂', 3, '2026-06-15', '14:00:00', '塑料厂废气排放有异味，附近居民反映不适', 2, 'GM008', '2026-06-15', '15:00:00', 'admin'),
('13800003333', '江苏省', '苏州市', '吴中区太湖新城天鹅港', 2, '2026-06-16', '09:00:00', '新区开发建设造成阶段性扬尘', 2, 'GM011', '2026-06-16', '10:00:00', 'admin'),
('13800008888', '辽宁省', '沈阳市', '浑南新区奥体万达广场', 3, '2026-06-15', '15:30:00', '商业区餐饮油烟排放集中，傍晚时分尤为明显', 2, 'GM004', '2026-06-15', '16:30:00', 'admin');

-- ========================================
-- 新增统计确认记录（对应已完成反馈）
-- ========================================
INSERT INTO statistics (af_id, gm_id, sta_aqi, sta_pm25, sta_pm10, sta_so2, sta_no2, sta_co, sta_o3, sta_date, sta_time, sta_remark) VALUES

-- 已完成反馈 af_id: 39~60（共22条）
(39, 'GM006', 2, 42.30, 68.50, 8.10, 35.20, 0.70, 55.00, '2026-05-25', '11:00:00', '薄雾已散，数据正常'),
(40, 'GM003', 1, 18.50, 32.00, 5.20, 22.10, 0.35, 48.00, '2026-05-26', '09:00:00', '景区空气质量优秀'),
(41, 'GM011', 3, 108.20, 145.60, 18.30, 52.40, 1.50, 95.00, '2026-05-28', '16:00:00', '臭氧值偏高，建议减少户外活动'),
(42, 'GM012', 1, 22.00, 38.50, 6.80, 25.30, 0.42, 52.00, '2026-05-29', '12:00:00', '温州市区空气质量优良'),
(43, 'GM015', 3, 95.40, 128.30, 14.20, 45.60, 1.35, 88.00, '2026-05-30', '18:00:00', '盆地地形不利扩散，傍晚污染加重'),
(44, 'GM001', 4, 152.30, 198.50, 28.40, 62.10, 2.20, 105.00, '2026-06-01', '10:30:00', '火车站周边施工扬尘是主因'),
(45, 'GM002', 2, 48.60, 75.20, 10.50, 32.80, 0.85, 62.00, '2026-06-02', '14:00:00', '商业区数据在合理范围'),
(46, 'GM002', 1, 15.30, 28.60, 4.50, 18.90, 0.30, 42.00, '2026-06-03', '08:30:00', '沿海海风扩散效果极佳'),
(47, 'GM006', 3, 102.50, 138.70, 16.80, 48.30, 1.45, 78.00, '2026-06-04', '15:00:00', '商贸城物流车辆是主要污染源'),
(48, 'GM011', 2, 55.30, 82.40, 11.20, 36.50, 0.92, 68.00, '2026-06-05', '11:00:00', '太湖大道PM2.5略有上升'),
(49, 'GM014', 5, 220.50, 310.20, 52.30, 88.60, 3.80, 155.00, '2026-06-06', '17:00:00', '工业区严重超标，建议环保执法介入'),
(50, 'GM012', 2, 46.80, 72.50, 9.60, 34.20, 0.78, 65.00, '2026-06-07', '13:00:00', '港区扬尘可控，建议增加洒水频次'),
(51, 'GM015', 2, 38.20, 64.80, 7.50, 28.90, 0.65, 58.00, '2026-06-08', '12:30:00', '长虹大道尾气排放属轻度'),
(52, 'GM009', 6, 350.20, 480.60, 85.40, 125.30, 6.50, 220.00, '2026-06-09', '16:00:00', '化学品泄漏紧急事件，已上报环保局'),
(53, 'GM009', 3, 112.80, 152.30, 20.50, 55.40, 1.85, 95.00, '2026-06-10', '10:00:00', '焚烧垃圾行为已制止，数据正在恢复'),
(54, 'GM013', 1, 14.80, 26.50, 3.80, 16.20, 0.28, 40.00, '2026-06-11', '08:00:00', '烟台扩散条件优良，AQI优秀'),
(55, 'GM007', 4, 155.80, 205.40, 32.60, 68.50, 2.35, 112.00, '2026-06-12', '19:00:00', '五道口烧烤摊集中区域PM2.5严重'),
(56, 'GM014', 5, 215.30, 295.80, 48.50, 82.40, 3.60, 148.00, '2026-06-13', '12:00:00', '陶瓷厂粉尘排放建议停产整改'),
(57, 'GM005', 2, 52.40, 78.60, 10.80, 35.80, 0.88, 70.00, '2026-06-14', '11:30:00', '工地已按要求覆盖防尘网'),
(58, 'GM008', 3, 98.60, 135.20, 15.40, 46.80, 1.38, 82.00, '2026-06-15', '16:00:00', '塑料厂废气已安装处理装置'),
(59, 'GM007', 3, 105.30, 142.50, 22.10, 55.20, 1.75, 98.00, '2026-06-16', '11:00:00', '通州城区施工扬尘导致PM10超标'),
(60, 'GM001', 2, 45.20, 72.80, 13.50, 32.60, 1.05, 62.00, '2026-06-15', '17:00:00', '经十路扬尘已得到控制');
